Family_ID,Count,Percentage
1,5879,2.08581687102634
20,5873,2.083688124432334
48,5872,2.083333333333333
47,5872,2.083333333333333
24,5872,2.083333333333333
53,5872,2.083333333333333
58,5872,2.083333333333333
27,5872,2.083333333333333
38,5872,2.083333333333333
12,5872,2.083333333333333
31,5872,2.083333333333333
61,5872,2.083333333333333
11,5872,2.083333333333333
50,5872,2.083333333333333
13,5872,2.083333333333333
2,5872,2.083333333333333
6,5872,2.083333333333333
36,5872,2.083333333333333
34,5872,2.083333333333333
43,5872,2.083333333333333
35,5872,2.083333333333333
51,5872,2.083333333333333
37,5872,2.083333333333333
33,5872,2.083333333333333
4,5872,2.083333333333333
30,5872,2.083333333333333
49,5872,2.083333333333333
28,5872,2.083333333333333
8,5872,2.083333333333333
5,5871,2.0829785422343323
17,5871,2.0829785422343323
42,5871,2.0829785422343323
63,5871,2.0829785422343323
14,5871,2.0829785422343323
59,5871,2.0829785422343323
52,5845,2.073753973660309
26,5845,2.073753973660309
25,5841,2.072334809264305
22,5793,2.0553048365122617
15,5743,2.037565281562216
32,5742,2.0372104904632153
54,5730,2.0329529972752045
3,5729,2.032598206176204
29,5710,2.025857175295186
0,5241,1.8594601498637602
41,4628,1.6419732061762036
40,4331,1.5366002497729336
46,4128,1.4645776566757494
62,1671,0.5928559264305178
55,1439,0.510544391462307
56,1243,0.4410053360581289
45,631,0.22387318346957313
16,143,0.05073512715712988
7,142,0.05038033605812897
23,136,0.04825158946412353
10,130,0.04612284287011807
60,129,0.04576805177111717
39,102,0.03618869209809264
57,79,0.028028496821071756
21,73,0.025899750227066302
9,30,0.010643732970027247
18,27,0.009579359673024524
44,27,0.009579359673024524
19,26,0.009224568574023614
