Family,Capability,Reduce_50pct_Performance_Change,Amplify_50pct_Performance_Change
25,Math,-9.600000000000001,7.199999999999999
25,Reasoning,-8.0,6.0
25,Code,-2.4000000000000004,1.7999999999999998
25,Translation,-1.6,1.2
25,Stories,-0.8,0.6
59,Math,-2.4000000000000004,1.7999999999999998
59,Reasoning,-1.6,1.2
59,Code,-7.2,5.3999999999999995
59,Translation,-1.6,1.2
59,Stories,-0.8,0.6
12,Math,-3.2,2.4
12,Reasoning,-6.4,4.8
12,Code,-1.6,1.2
12,Translation,-0.8,0.6
12,Stories,-2.4000000000000004,1.7999999999999998
4,Math,-0.8,0.6
4,Reasoning,-1.6,1.2
4,Code,-1.6,1.2
4,Translation,-5.6000000000000005,4.2
4,Stories,-1.6,1.2
